INSERT INTO defaultdb.users (id, first_name, last_name, email) VALUES (2, 'Harry', 'Covert', 'harry@gmail.com');
INSERT INTO defaultdb.programmes (id_programme, nom_programme) VALUES (1, '');
INSERT INTO defaultdb.programmes (id_programme, nom_programme) VALUES (2, 'Juggernaut');
INSERT INTO defaultdb.programmes (id_programme, nom_programme) VALUES (3, 'Momo');
INSERT INTO defaultdb.programmes (id_programme, nom_programme) VALUES (4, 'The Notorious');
INSERT INTO defaultdb.seances (id_seance, id_programme) VALUES (1, 2);
INSERT INTO defaultdb.seances (id_seance, id_programme) VALUES (2, 2);
INSERT INTO defaultdb.seances (id_seance, id_programme) VALUES (3, 2);
INSERT INTO defaultdb.seances (id_seance, id_programme) VALUES (4, 2);
INSERT INTO defaultdb.seances (id_seance, id_programme) VALUES (5, 2);
INSERT INTO defaultdb.seances (id_seance, id_programme) VALUES (6, 2);
INSERT INTO defaultdb.seances (id_seance, id_programme) VALUES (7, 2);
INSERT INTO defaultdb.seances (id_seance, id_programme) VALUES (8, 2);
INSERT INTO defaultdb.seances (id_seance, id_programme) VALUES (9, 2);
INSERT INTO defaultdb.seances (id_seance, id_programme) VALUES (10, 2);
INSERT INTO defaultdb.seances (id_seance, id_programme) VALUES (11, 2);
INSERT INTO defaultdb.seances (id_seance, id_programme) VALUES (12, 2);
INSERT INTO defaultdb.seances (id_seance, id_programme) VALUES (13, 2);
INSERT INTO defaultdb.seances (id_seance, id_programme) VALUES (1, 3);
INSERT INTO defaultdb.seances (id_seance, id_programme) VALUES (2, 3);
INSERT INTO defaultdb.seances (id_seance, id_programme) VALUES (3, 3);
INSERT INTO defaultdb.seances (id_seance, id_programme) VALUES (4, 3);
INSERT INTO defaultdb.seances (id_seance, id_programme) VALUES (5, 3);
INSERT INTO defaultdb.seances (id_seance, id_programme) VALUES (6, 3);
INSERT INTO defaultdb.seances (id_seance, id_programme) VALUES (7, 3);
INSERT INTO defaultdb.seances (id_seance, id_programme) VALUES (8, 3);
INSERT INTO defaultdb.seances (id_seance, id_programme) VALUES (9, 3);
INSERT INTO defaultdb.seances (id_seance, id_programme) VALUES (10, 3);
INSERT INTO defaultdb.seances (id_seance, id_programme) VALUES (11, 3);
INSERT INTO defaultdb.seances (id_seance, id_programme) VALUES (12, 3);
INSERT INTO defaultdb.seances (id_seance, id_programme) VALUES (13, 3);
INSERT INTO defaultdb.seances (id_seance, id_programme) VALUES (1, 4);
INSERT INTO defaultdb.seances (id_seance, id_programme) VALUES (2, 4);
INSERT INTO defaultdb.seances (id_seance, id_programme) VALUES (3, 4);
INSERT INTO defaultdb.seances (id_seance, id_programme) VALUES (4, 4);
INSERT INTO defaultdb.seances (id_seance, id_programme) VALUES (5, 4);
INSERT INTO defaultdb.seances (id_seance, id_programme) VALUES (6, 4);
INSERT INTO defaultdb.seances (id_seance, id_programme) VALUES (7, 4);
INSERT INTO defaultdb.seances (id_seance, id_programme) VALUES (8, 4);
INSERT INTO defaultdb.seances (id_seance, id_programme) VALUES (9, 4);
INSERT INTO defaultdb.seances (id_seance, id_programme) VALUES (10, 4);
INSERT INTO defaultdb.seances (id_seance, id_programme) VALUES (11, 4);
INSERT INTO defaultdb.seances (id_seance, id_programme) VALUES (12, 4);
INSERT INTO defaultdb.seances (id_seance, id_programme) VALUES (13, 4);
INSERT INTO defaultdb.exercices (id_exercice, nom, serie, repetition, pourcentage_rm, id_seance) VALUES (1, 'Squat', 4, 5, 80, 1);
INSERT INTO defaultdb.exercices (id_exercice, nom, serie, repetition, pourcentage_rm, id_seance) VALUES (2, 'Traction', 3, 10, 70, 1);
INSERT INTO defaultdb.exercices (id_exercice, nom, serie, repetition, pourcentage_rm, id_seance) VALUES (3, 'Extension triceps', 4, 12, 65, 1);
INSERT INTO defaultdb.exercices (id_exercice, nom, serie, repetition, pourcentage_rm, id_seance) VALUES (4, 'Bench', 4, 5, 80, 2);
INSERT INTO defaultdb.exercices (id_exercice, nom, serie, repetition, pourcentage_rm, id_seance) VALUES (5, 'Dips', 5, 10, 70, 2);
INSERT INTO defaultdb.exercices (id_exercice, nom, serie, repetition, pourcentage_rm, id_seance) VALUES (6, 'Terre', 4, 5, 80, 3);
INSERT INTO defaultdb.exercices (id_exercice, nom, serie, repetition, pourcentage_rm, id_seance) VALUES (7, 'Traction', 3, 10, 65, 3);
INSERT INTO defaultdb.exercices (id_exercice, nom, serie, repetition, pourcentage_rm, id_seance) VALUES (8, 'Curl biceps', 4, 12, 65, 3);
INSERT INTO defaultdb.exercices (id_exercice, nom, serie, repetition, pourcentage_rm, id_seance) VALUES (9, 'Squat', 6, 3, 85, 4);
INSERT INTO defaultdb.exercices (id_exercice, nom, serie, repetition, pourcentage_rm, id_seance) VALUES (10, 'Romanian Deadlift', 4, 10, 70, 4);
INSERT INTO defaultdb.exercices (id_exercice, nom, serie, repetition, pourcentage_rm, id_seance) VALUES (11, 'Bench', 7, 3, 85, 5);
INSERT INTO defaultdb.exercices (id_exercice, nom, serie, repetition, pourcentage_rm, id_seance) VALUES (12, 'Dips', 3, 8, 75, 5);
INSERT INTO defaultdb.exercices (id_exercice, nom, serie, repetition, pourcentage_rm, id_seance) VALUES (13, 'Extension triceps', 3, 10, 70, 5);
INSERT INTO defaultdb.users (id, first_name, last_name, email, id_programme) VALUES (1, 'Paul', 'Harrohide', 'paul@gmail.com', 1);