INSERT INTO defaultdb.programmes (id_programme, nom_programme) VALUES (1, '');
INSERT INTO defaultdb.programmes (id_programme, nom_programme) VALUES (2, 'Juggernaut');
INSERT INTO defaultdb.programmes (id_programme, nom_programme) VALUES (3, 'The Notorious');
INSERT INTO defaultdb.seances (id_seance, id_programme) VALUES (1, 2);
INSERT INTO defaultdb.seances (id_seance, id_programme) VALUES (2, 2);
INSERT INTO defaultdb.seances (id_seance, id_programme) VALUES (3, 2);
INSERT INTO defaultdb.seances (id_seance, id_programme) VALUES (4, 2);
INSERT INTO defaultdb.seances (id_seance, id_programme) VALUES (5, 2);
INSERT INTO defaultdb.seances (id_seance, id_programme) VALUES (6, 3);
INSERT INTO defaultdb.seances (id_seance, id_programme) VALUES (7, 3);
INSERT INTO defaultdb.seances (id_seance, id_programme) VALUES (8, 3);
INSERT INTO defaultdb.seances (id_seance, id_programme) VALUES (9, 3);
INSERT INTO defaultdb.seances (id_seance, id_programme) VALUES (10, 3);
INSERT INTO defaultdb.exercices (id_exercice, nom, serie, repetition, pourcentage_rm, id_seance) VALUES (1, 'Squat', 4, 5, 80, 1);
INSERT INTO defaultdb.exercices (id_exercice, nom, serie, repetition, pourcentage_rm, id_seance) VALUES (2, 'Traction', 3, 10, 70, 1);
INSERT INTO defaultdb.exercices (id_exercice, nom, serie, repetition, pourcentage_rm, id_seance) VALUES (3, 'Extension triceps', 4, 12, 65, 1);
INSERT INTO defaultdb.exercices (id_exercice, nom, serie, repetition, pourcentage_rm, id_seance) VALUES (4, 'Bench', 4, 5, 80, 2);
INSERT INTO defaultdb.exercices (id_exercice, nom, serie, repetition, pourcentage_rm, id_seance) VALUES (5, 'Dips', 5, 10, 70, 2);
INSERT INTO defaultdb.exercices (id_exercice, nom, serie, repetition, pourcentage_rm, id_seance) VALUES (6, 'Terre', 4, 5, 80, 3);
INSERT INTO defaultdb.exercices (id_exercice, nom, serie, repetition, pourcentage_rm, id_seance) VALUES (7, 'Traction', 3, 10, 65, 3);
INSERT INTO defaultdb.exercices (id_exercice, nom, serie, repetition, pourcentage_rm, id_seance) VALUES (8, 'Curl biceps', 4, 12, 65, 3);
INSERT INTO defaultdb.exercices (id_exercice, nom, serie, repetition, pourcentage_rm, id_seance) VALUES (9, 'Squat', 6, 3, 85, 4);
INSERT INTO defaultdb.exercices (id_exercice, nom, serie, repetition, pourcentage_rm, id_seance) VALUES (10, 'Romanian Deadlift', 4, 10, 70, 4);
INSERT INTO defaultdb.exercices (id_exercice, nom, serie, repetition, pourcentage_rm, id_seance) VALUES (11, 'Bench', 7, 3, 85, 5);
INSERT INTO defaultdb.exercices (id_exercice, nom, serie, repetition, pourcentage_rm, id_seance) VALUES (12, 'Dips', 3, 8, 75, 5);
INSERT INTO defaultdb.exercices (id_exercice, nom, serie, repetition, pourcentage_rm, id_seance) VALUES (13, 'Extension triceps', 3, 10, 70, 5);
INSERT INTO defaultdb.exercices (id_exercice, nom, serie, repetition, pourcentage_rm, id_seance) VALUES (14, 'Squat', 4, 5, 80, 6);
INSERT INTO defaultdb.exercices (id_exercice, nom, serie, repetition, pourcentage_rm, id_seance) VALUES (15, 'Traction', 3, 10, 70, 6);
INSERT INTO defaultdb.exercices (id_exercice, nom, serie, repetition, pourcentage_rm, id_seance) VALUES (16, 'Extension triceps', 4, 12, 65, 6);
INSERT INTO defaultdb.exercices (id_exercice, nom, serie, repetition, pourcentage_rm, id_seance) VALUES (17, 'Bench', 4, 5, 80, 7);
INSERT INTO defaultdb.exercices (id_exercice, nom, serie, repetition, pourcentage_rm, id_seance) VALUES (18, 'Dips', 5, 10, 70, 7);
INSERT INTO defaultdb.exercices (id_exercice, nom, serie, repetition, pourcentage_rm, id_seance) VALUES (19, 'Terre', 4, 5, 80, 8);
INSERT INTO defaultdb.exercices (id_exercice, nom, serie, repetition, pourcentage_rm, id_seance) VALUES (20, 'Traction', 3, 10, 65, 8);
INSERT INTO defaultdb.exercices (id_exercice, nom, serie, repetition, pourcentage_rm, id_seance) VALUES (21, 'Curl biceps', 4, 12, 65, 8);
INSERT INTO defaultdb.exercices (id_exercice, nom, serie, repetition, pourcentage_rm, id_seance) VALUES (22, 'Squat', 6, 3, 85, 9);
INSERT INTO defaultdb.exercices (id_exercice, nom, serie, repetition, pourcentage_rm, id_seance) VALUES (23, 'Romanian Deadlift', 4, 10, 70, 9);
INSERT INTO defaultdb.exercices (id_exercice, nom, serie, repetition, pourcentage_rm, id_seance) VALUES (24, 'Bench', 7, 3, 85, 10);
INSERT INTO defaultdb.exercices (id_exercice, nom, serie, repetition, pourcentage_rm, id_seance) VALUES (25, 'Dips', 3, 8, 75, 10);
INSERT INTO defaultdb.exercices (id_exercice, nom, serie, repetition, pourcentage_rm, id_seance) VALUES (26, 'Extension triceps', 3, 10, 70, 10);
INSERT INTO defaultdb.users (id, first_name, last_name, email, id_programme) VALUES (1, 'Paul', 'Harrohide', 'paul@gmail.com', 1);
INSERT INTO defaultdb.users (id, first_name, last_name, email, id_programme) VALUES (2, 'Harry', 'Covert', 'harry@gmail.com', 1);